District,Latitude,Longitude,Shop_type,OP_time,Ultra_food,Per_ultra,Ready_food,CERE,WHITE,VITAMINV,VITAMINRT,DARKV,OTHERV,VITAMINF,OTHERF,ORGANM,FLESHM,FISH,INSECTSV,EGGS,MILK,NUTS,LEGUM,OILF,SWEETS,SAB,OUT_CER
2,21.026078,105.839874,5,1,0,0,1,0,0,0,0,0,0,1,1,0,0,0,0,0,0,0,0,0,0,0,1
2,21.010939,105.825442,5,1,0,0,1,0,0,0,0,0,0,1,1,0,0,0,0,0,0,0,0,0,0,0,0
1,21.034148,105.817214,5,1,0,0,1,0,0,0,0,0,0,1,1,0,0,0,0,0,0,0,0,0,0,0,1
2,21.017329,105.813375,5,1,0,0,1,0,0,0,0,0,0,1,1,0,0,0,0,0,0,0,0,0,0,0,0
2,21.012653,105.812286,5,1,0,0,1,0,0,0,0,0,0,1,1,0,0,0,0,0,0,0,0,0,0,0,0
1,21.040131,105.844909,5,2,0,0,1,0,0,0,0,0,0,1,1,0,0,0,0,0,0,0,0,0,0,0,0
1,21.04221,105.843929,5,2,0,0,1,0,0,0,0,0,0,1,1,0,0,0,0,0,0,0,0,0,0,0,1
1,21.032944,105.832953,5,2,0,0,1,0,0,0,0,0,0,1,1,0,0,0,0,0,0,0,0,0,0,0,1
2,21.015755,105.828362,5,2,0,0,1,0,0,0,0,0,0,1,1,0,0,0,0,0,0,0,0,0,0,0,0
1,21.034912,105.825732,5,2,0,0,1,0,0,0,0,0,0,1,1,0,0,0,0,0,0,0,0,0,0,0,0
2,21.005783,105.821667,5,2,0,0,1,0,0,0,0,0,0,1,1,0,0,0,0,0,0,0,0,0,0,0,0
2,21.010186,105.818576,5,2,0,0,1,0,0,0,0,0,0,1,1,0,0,0,0,0,0,0,0,0,0,0,1
1,21.021674,105.814138,5,2,0,0,1,0,1,1,1,1,1,0,1,0,0,0,0,1,0,0,0,1,0,1,1
1,21.040377,105.812964,5,2,0,0,1,0,0,0,0,0,0,1,1,0,0,0,0,0,0,0,0,0,0,0,1
1,21.020106,105.811407,5,2,0,0,1,0,0,0,0,0,0,1,1,0,0,0,0,0,0,0,0,0,0,0,1
1,21.0359,105.812829,8,2,0,0,1,0,0,0,0,0,0,1,1,0,0,0,0,0,0,0,0,0,0,0,0
1,21.041614,105.814113,3,3,0,0,1,0,0,0,0,0,0,1,1,0,0,0,0,0,0,0,0,0,0,0,1
2,21.0256,105.833268,4,3,0,0,1,0,0,0,0,0,0,1,1,0,0,0,0,0,0,0,0,0,0,0,0
2,21.018982,105.837387,5,3,0,0,1,0,0,0,0,0,0,1,1,0,0,0,0,0,0,0,0,0,0,0,0
2,21.003759,105.835919,5,3,0,0,1,0,0,0,0,0,0,1,1,0,0,0,0,0,0,0,0,0,0,0,0
2,21.026144,105.832965,5,3,0,0,1,0,0,0,0,0,0,1,1,0,0,0,0,0,0,0,0,0,0,0,1
2,21.02655,105.832157,5,3,0,0,1,0,0,0,0,0,0,0,0,0,1,1,0,0,0,0,0,0,0,0,1
1,21.034447,105.831614,5,3,0,0,1,0,0,0,0,0,0,1,1,0,0,0,0,0,0,0,0,0,0,0,1
1,21.032975,105.831043,5,3,0,0,1,0,0,0,0,0,0,1,1,0,0,0,0,0,0,0,0,0,0,0,0
2,21.003156,105.830149,5,3,0,0,1,0,0,0,0,0,0,1,1,0,0,0,0,0,0,0,0,0,0,0,0
1,21.032706,105.830012,5,3,0,0,1,0,1,1,1,1,1,1,1,1,1,1,0,1,0,0,0,1,0,1,1
2,21.011772,105.8259,5,3,0,0,1,0,0,0,0,0,0,1,1,0,0,0,0,0,0,0,0,0,0,0,0
1,21.03749,105.825766,5,3,0,0,1,0,0,0,1,1,1,0,0,0,1,0,0,0,0,0,0,0,0,0,0
2,21.005318,105.825707,5,3,0,0,1,0,0,0,0,0,0,1,1,0,0,0,0,0,1,0,0,0,1,0,0
2,21.000243,105.822326,5,3,0,0,1,0,0,0,0,0,0,1,1,0,0,0,0,0,0,0,0,0,0,0,0
1,21.026464,105.821599,5,3,0,0,1,0,0,0,0,0,0,1,1,0,0,0,0,0,0,0,0,0,0,0,1
2,21.007345,105.821217,5,3,0,0,1,0,0,0,0,0,0,1,1,0,0,0,0,0,0,0,0,0,0,0,0
1,21.023042,105.819518,5,3,0,0,1,0,0,0,0,0,0,1,1,0,0,0,0,0,0,0,0,0,0,0,1
1,21.020006,105.817251,5,3,0,0,1,0,0,0,0,0,0,1,1,0,0,0,0,0,0,0,0,0,0,0,1
2,21.015462,105.814354,5,3,0,0,1,0,0,0,0,0,0,1,1,0,0,0,0,0,0,0,0,0,0,0,0
2,21.026342,105.811703,5,3,0,0,1,0,0,0,0,0,0,1,1,0,0,0,0,0,0,0,0,0,0,0,0
1,21.034664,105.810443,5,3,0,0,1,0,0,0,0,0,0,1,1,0,0,0,0,0,0,0,0,0,0,0,0
2,21.016001,105.809897,5,3,0,0,1,0,0,0,0,0,0,1,1,0,0,0,0,0,0,0,0,0,0,0,1
2,21.016044,105.80571,5,3,0,0,1,0,0,0,0,0,0,1,1,0,0,0,0,0,0,0,0,0,0,0,1
1,21.044572,105.842296,8,3,0,0,1,0,0,0,0,0,0,1,1,0,0,0,0,0,0,0,0,0,0,0,0
1,21.030128,105.823236,8,3,0,0,1,0,0,0,0,0,0,1,1,0,0,0,0,0,0,0,0,0,0,0,0
1,21.043493,105.846497,5,4,0,0,1,0,0,0,0,1,1,0,0,0,0,0,0,0,0,0,0,0,0,0,1
1,21.040339,105.846341,5,4,0,0,1,0,0,0,0,0,1,1,1,0,0,0,0,0,0,0,0,0,0,0,1
1,21.041066,105.846113,5,4,0,0,1,0,0,0,0,0,0,1,1,0,0,0,0,0,0,0,0,0,0,0,0
1,21.040514,105.845436,5,4,0,0,1,0,0,0,0,0,0,0,1,0,0,0,0,0,0,0,0,0,0,0,1
2,21.008809,105.834677,5,4,0,0,1,0,0,0,0,0,0,1,1,0,0,0,0,0,0,0,0,0,0,0,1
2,21.005889,105.834047,5,4,0,0,1,0,0,0,0,0,0,1,1,0,0,0,0,0,0,0,0,0,0,0,0
1,21.032313,105.830831,5,4,0,0,1,0,0,0,0,0,0,1,1,0,0,0,0,1,0,0,0,0,0,0,0
1,21.032295,105.830746,5,4,0,0,1,0,0,0,0,0,0,1,1,0,0,0,0,0,0,0,0,0,0,0,0
1,21.039106,105.828768,5,4,0,0,1,0,0,0,0,0,0,1,1,0,0,0,0,0,0,0,0,0,0,0,0
2,21.004382,105.827192,5,4,0,0,1,0,0,0,0,0,0,1,1,0,0,0,0,0,0,0,0,0,0,0,0
2,21.004372,105.82679,5,4,0,0,1,0,0,1,1,1,1,0,1,0,0,0,0,0,0,0,0,0,0,0,1
2,21.020669,105.826253,5,4,0,0,1,0,0,0,0,0,0,0,0,0,0,1,0,0,0,0,0,0,0,0,0
2,21.012641,105.823315,5,4,0,0,1,0,0,0,0,0,0,1,1,0,0,0,0,0,0,0,0,0,0,0,0
1,21.023058,105.819531,5,4,0,0,1,0,0,0,0,0,0,1,1,0,0,0,0,0,0,0,0,0,0,0,1
1,21.027995,105.813943,5,4,0,0,1,0,0,0,0,0,0,1,1,0,0,0,0,0,0,0,0,0,0,0,0
1,21.028161,105.813816,5,4,0,0,1,0,0,0,0,0,0,1,1,0,0,0,0,0,0,0,0,0,0,0,0
1,21.038322,105.812821,5,4,0,0,1,0,0,0,0,0,0,1,1,0,0,0,0,0,0,0,0,0,0,0,0
2,21.012414,105.812176,5,4,0,0,1,0,0,0,0,0,0,1,1,0,0,0,0,0,0,0,0,0,0,0,0
1,21.040285,105.848123,8,4,0,0,1,0,1,1,1,1,1,0,0,0,0,0,0,0,0,0,0,0,0,0,0
1,21.041149,105.8462,8,4,0,0,1,0,0,0,0,1,1,0,0,0,0,0,0,0,0,0,0,0,0,0,0
1,21.040824,105.845816,8,4,0,0,1,0,1,1,1,1,1,0,0,0,0,0,0,0,0,0,0,0,0,0,0
2,21.025058,105.837087,8,4,0,0,1,0,1,1,1,1,1,0,0,0,0,0,0,0,0,0,0,0,0,0,0
1,21.037781,105.826722,8,4,0,0,1,0,0,0,0,0,0,1,1,0,0,0,0,0,0,0,0,0,0,0,0
1,21.026496,105.821859,8,4,0,0,1,0,0,0,0,0,0,1,1,0,0,0,0,0,0,0,0,0,0,0,0
1,21.024337,105.81785,8,4,0,0,1,0,0,0,0,0,0,1,1,0,0,0,0,0,0,0,0,0,0,0,0
1,21.027732,105.815357,8,4,0,0,1,0,0,0,0,0,0,1,1,0,0,0,0,0,0,0,0,0,0,0,0
1,21.020137,105.811712,8,4,0,0,1,0,0,0,0,0,0,1,1,0,0,0,0,0,0,0,0,0,0,0,0
1,21.037202,105.827897,4,3,1,10,1,0,0,0,0,0,0,0,0,0,0,0,0,0,0,1,1,1,0,1,0
1,21.040314,105.846724,5,3,1,10,1,0,1,1,1,1,1,1,1,1,1,1,0,1,0,0,0,1,0,1,1
2,21.027187,105.835827,5,1,1,15,1,0,0,0,0,0,0,1,1,0,0,0,0,0,1,0,0,0,0,0,0
2,21.012516,105.81233,5,2,1,15,1,0,1,1,1,1,1,1,1,1,1,1,0,1,0,1,1,1,0,1,1
1,21.040318,105.844024,5,3,1,20,1,0,0,0,0,0,0,1,1,0,0,0,0,0,0,1,0,0,1,1,1
1,21.043914,105.842188,5,2,1,30,1,0,0,0,0,1,1,1,1,0,0,0,0,0,0,0,0,0,0,0,1
2,21.010344,105.818405,3,3,1,30,1,0,1,1,1,1,1,1,1,1,1,1,0,1,0,1,1,1,0,0,1
1,21.021282,105.81401,5,3,1,30,1,0,0,0,0,0,0,1,1,0,0,0,0,1,0,0,0,1,0,1,1
2,21.02725,105.840222,5,1,1,40,1,0,0,0,0,0,0,0,1,0,0,0,0,0,0,0,0,0,1,1,1
1,21.032513,105.821199,5,2,1,40,1,0,1,1,1,1,1,1,1,0,1,1,0,0,0,0,0,0,0,0,1
1,21.034736,105.827838,5,4,1,40,1,0,0,0,0,0,0,1,1,0,0,0,0,0,0,0,0,0,0,0,1
2,21.01438,105.81,5,1,1,50,1,0,0,1,0,1,1,1,0,0,1,0,0,1,1,0,1,0,0,0,1
2,21.011766,105.820856,4,4,1,50,1,0,0,0,0,0,0,0,0,0,1,1,0,1,1,1,1,1,1,1,0
1,21.027338,105.814485,3,2,1,60,1,0,1,1,1,1,1,1,1,0,1,1,0,1,1,1,1,1,1,1,0
1,21.041996,105.843846,4,4,1,60,1,0,0,0,0,0,0,0,0,0,0,0,0,0,1,0,0,1,1,1,0
1,21.040382,105.812883,5,2,1,70,1,0,0,0,0,0,0,1,1,0,0,0,0,0,0,0,0,0,0,0,1
2,21.009588,105.81649,4,4,1,70,1,0,0,0,0,0,0,0,0,0,0,0,0,1,1,1,1,1,1,1,0
1,21.040369,105.84613,5,4,1,70,1,0,0,0,0,0,0,1,1,0,0,0,0,0,0,0,0,0,0,1,1
2,21.027196,105.835739,5,2,1,75,1,0,0,0,0,0,0,1,1,0,0,0,0,0,1,0,0,0,1,1,0
1,21.028834,105.808171,5,2,1,80,1,0,0,0,0,0,0,1,1,0,0,0,0,0,0,0,0,0,0,0,1
2,21.025235,105.839868,4,4,1,80,1,0,0,0,0,0,0,0,0,0,0,0,0,0,0,0,0,0,1,1,0
1,21.040373,105.846047,5,4,1,80,1,0,0,0,0,0,0,1,1,0,0,0,0,0,0,0,0,0,1,1,1
2,21.011337,105.824751,5,4,1,80,1,0,0,0,0,0,0,0,0,0,0,0,0,0,1,1,1,0,0,0,0
1,21.041642,105.810979,5,4,1,80,1,0,0,0,0,0,0,1,1,0,0,0,0,0,0,0,0,0,0,0,0
2,21.006934,105.823132,5,1,1,100,1,0,0,0,0,0,0,1,1,0,0,0,0,0,0,0,0,0,0,0,0
2,21.005538,105.830886,5,2,1,100,1,0,0,0,0,0,0,0,0,0,0,0,0,0,1,0,0,0,0,0,1
2,21.019182,105.837437,5,3,1,100,1,0,0,0,0,0,0,0,0,0,0,0,0,0,1,0,0,0,0,0,1
2,21.014955,105.827856,5,3,1,100,1,0,0,0,0,0,0,0,0,0,0,0,0,0,1,0,0,0,0,0,0
2,21.008549,105.826439,5,3,1,100,1,0,0,0,0,0,0,0,0,0,0,0,0,0,1,0,0,0,1,0,0
1,21.034753,105.827935,4,4,1,100,1,0,0,0,0,0,0,0,0,0,0,0,0,0,0,0,0,1,1,1,0
2,21.027578,105.838958,5,4,1,100,1,0,0,0,0,0,0,0,0,0,0,0,0,0,1,0,0,0,0,0,1
2,21.005923,105.834091,5,4,1,100,1,0,0,0,0,0,0,0,0,0,0,0,0,0,1,0,0,0,0,0,1
1,21.020142,105.81181,8,3,0,0,0,0,1,0,1,1,1,0,0,0,0,0,0,0,0,0,0,0,0,0,0
2,21.018142,105.833526,8,4,0,0,0,0,1,1,1,1,1,0,0,0,0,0,0,0,0,1,1,0,0,0,0
1,21.032441,105.831103,8,4,0,0,0,0,1,0,0,1,1,0,0,0,0,0,0,0,0,0,0,0,0,0,0
1,21.037158,105.828039,8,4,0,0,0,0,0,0,0,0,0,1,1,0,0,0,0,0,0,0,0,0,0,0,0
1,21.025121,105.821342,8,4,0,0,0,0,1,1,1,1,1,0,0,0,0,0,0,0,0,0,1,0,0,1,0
1,21.021178,105.816142,8,4,0,0,0,0,0,0,1,1,1,0,1,0,0,0,0,0,0,0,0,0,0,0,1
1,21.02595,105.815522,8,4,0,0,0,0,1,1,1,1,1,1,1,0,0,0,0,1,0,0,0,0,0,0,0
2,21.027363,105.828445,8,3,1,70,0,0,1,0,0,1,0,0,0,1,1,0,0,0,0,0,0,0,0,0,0
2,21.009343,105.816268,8,3,1,80,0,0,0,0,0,0,0,0,0,1,1,0,0,0,0,0,0,0,0,0,0
1,21.034721,105.827917,8,4,1,80,0,0,0,0,0,1,1,0,0,0,0,0,0,0,0,0,0,0,0,0,0
1,21.0002134,105.49,8,1,1,100,0,0,1,1,1,1,1,0,0,0,0,0,0,0,0,0,1,0,0,0,0
2,21.027467,105.828542,8,3,1,100,0,0,0,0,0,0,0,0,0,0,1,0,0,0,0,0,0,0,0,0,0
1,21.037787,105.826541,8,3,1,100,0,0,0,0,0,0,0,1,1,0,0,0,0,0,0,0,0,0,0,0,0
2,21.019167,105.827665,8,4,1,100,0,0,0,0,0,0,0,0,0,1,1,0,0,0,0,0,0,0,0,0,0
1,21.020011,105.811918,8,4,1,100,0,0,1,1,0,1,1,0,0,0,0,0,0,0,0,0,0,0,0,0,0
2,21.013107,105.822962,5,1,0,0,1,1,0,0,0,0,0,0,0,0,0,0,0,0,0,0,0,0,0,0,1
2,21.021425,105.837514,5,2,0,0,1,1,0,0,0,0,0,1,1,0,0,0,0,0,0,0,0,0,0,0,0
2,21.020695,105.837429,5,2,0,0,1,1,0,0,0,0,0,1,1,0,0,0,0,0,0,1,1,0,0,0,0
2,21.022245,105.823579,4,3,0,0,1,1,1,1,1,1,1,1,1,0,1,0,0,1,0,1,1,1,0,0,0
2,21.026579,105.838515,5,4,0,0,1,1,0,0,0,0,0,0,0,0,0,0,0,0,0,0,0,0,0,0,0
2,21.022335,105.828955,5,4,0,0,1,1,0,0,0,0,0,0,0,0,0,0,0,0,0,0,0,0,0,0,0
2,21.00513,105.825821,5,4,0,0,1,1,0,0,0,0,0,0,0,0,0,0,0,0,0,0,0,0,0,0,0
2,21.021721,105.837432,7,4,0,0,1,1,1,1,1,1,1,1,1,1,1,1,0,1,0,1,1,0,0,1,0
1,21.037312,105.826286,8,4,0,0,1,1,0,1,0,0,0,0,0,0,0,0,0,0,0,0,1,1,1,1,1
2,21.013037,105.822893,2,1,1,1,1,1,1,1,1,1,1,1,1,1,1,1,1,1,1,1,1,1,1,1,0
1,21.037079,105.828272,4,3,1,10,1,1,1,1,1,1,1,1,0,0,0,0,0,0,0,0,1,0,1,1,0
2,21.005384,105.825701,6,4,1,10,1,1,1,1,1,1,1,1,1,1,1,1,0,1,0,1,1,0,0,1,0
2,21.024044,105.839699,7,4,1,10,1,1,1,1,1,1,1,1,1,1,1,1,0,1,0,1,1,1,1,1,0
2,21.012976,105.835964,7,4,1,10,1,1,1,1,1,1,1,1,1,1,1,1,0,1,0,1,1,0,0,1,0
2,21.017817,105.831265,7,4,1,10,1,1,1,1,1,1,1,1,1,1,1,1,0,1,0,1,1,0,0,1,0
2,21.022314,105.822131,7,4,1,10,1,1,1,1,1,1,1,1,1,1,1,1,0,1,0,1,1,0,0,1,0
2,21.007448,105.820038,7,4,1,10,1,1,1,1,1,1,1,1,1,1,1,1,1,1,1,1,1,1,1,1,0
2,21.018421,105.833557,7,4,1,15,1,1,1,1,1,1,1,1,1,1,1,1,1,1,1,1,1,1,1,1,0
1,21.04362,105.841732,6,4,1,20,1,1,1,1,1,1,1,1,1,1,1,1,0,1,0,0,1,1,1,1,0
2,21.017503,105.838863,6,4,1,20,1,1,1,1,1,1,1,1,1,1,1,1,0,1,1,1,1,1,1,1,0
2,21.02674,105.831226,7,4,1,20,1,1,1,1,1,1,1,1,1,1,1,0,1,1,1,1,1,1,1,1,0
1,21.028491,105.814007,7,4,1,20,1,1,1,1,1,1,1,1,1,1,1,1,1,1,1,1,1,1,1,1,0
1,21.021702,105.81293,7,4,1,20,1,1,1,1,1,1,1,1,1,1,1,1,1,1,1,1,1,1,1,1,0
1,21.03273,105.81,7,4,1,20,1,1,1,1,1,1,1,1,1,1,1,1,1,1,1,1,1,1,1,1,0
1,21.034393,105.82713,5,2,1,30,1,1,0,1,1,1,1,1,1,0,1,1,0,1,1,1,1,1,1,1,0
1,21.028785,105.823929,5,2,1,30,1,1,0,1,1,1,1,1,1,0,1,1,0,1,0,1,1,1,1,0,0
2,21.026685,105.83921,6,4,1,30,1,1,1,1,1,1,1,1,1,1,1,1,0,1,0,1,1,1,1,1,0
1,21.023185,105.819828,6,4,1,30,1,1,1,1,1,1,1,1,1,1,1,1,1,1,1,1,1,1,1,1,0
1,21.047851,105.84405,7,4,1,30,1,1,1,1,1,1,1,1,1,1,1,1,1,1,1,1,1,1,1,1,0
1,21.033244,105.831376,7,4,1,30,1,1,1,1,1,1,1,1,1,1,1,1,1,1,1,1,1,1,1,1,0
2,21.027579,105.828061,7,4,1,30,1,1,1,1,1,1,1,1,1,1,1,1,0,1,1,1,1,1,1,1,0
2,21.006004,105.831987,1,1,1,40,1,1,1,1,1,1,1,1,1,1,1,1,1,1,1,1,1,1,1,1,1
2,21.010281,105.836772,2,3,1,40,1,1,1,1,1,1,1,1,1,0,1,1,0,1,1,1,1,1,1,1,1
2,21.015956,105.808389,2,3,1,40,1,1,1,1,1,1,1,1,1,1,1,1,0,1,1,1,1,1,1,1,1
2,21.007548,105.835235,2,4,1,40,1,1,1,1,1,1,1,1,1,1,1,1,0,1,1,1,1,1,1,1,0
2,21.026786,105.839954,4,4,1,40,1,1,0,0,0,0,0,0,0,0,0,0,0,1,1,1,0,1,1,1,0
1,21.035502,105.823344,4,4,1,40,1,1,0,0,1,1,1,0,1,0,0,0,0,0,0,0,0,1,1,1,0
2,21.02147,105.839291,3,1,1,50,1,1,1,1,1,1,1,0,0,0,0,0,0,1,1,1,1,1,1,1,1
2,21.005586,105.82314,1,3,1,50,1,1,1,1,1,1,1,1,1,1,1,1,0,1,1,1,1,1,1,1,0
1,21.031643,105.812434,1,3,1,50,1,1,1,1,1,1,1,1,1,1,1,1,1,1,1,1,1,1,1,1,0
2,21.027022,105.832874,4,3,1,50,1,1,1,1,1,1,1,0,0,0,0,0,0,0,0,1,1,1,1,1,0
2,21.009879,105.816807,4,3,1,50,1,1,0,0,0,0,1,0,0,0,0,0,0,1,0,1,1,1,1,1,0
1,21.029603,105.817535,2,4,1,50,1,1,1,1,1,1,1,1,1,1,1,1,0,1,1,1,1,1,1,1,0
1,21.033417,105.831301,6,4,1,50,1,1,1,1,1,1,1,1,1,1,1,1,1,1,1,1,1,1,1,1,0
2,21.007234,105.821194,8,4,1,50,1,1,1,1,1,1,1,1,1,1,1,1,0,1,1,1,1,1,1,1,0
2,21.020169,105.821607,3,2,1,60,1,1,1,1,1,1,1,1,1,1,1,0,1,1,1,1,1,1,1,1,1
2,21.005367,105.825,3,3,1,60,1,1,1,1,1,1,1,1,1,0,1,1,0,1,1,1,1,1,1,1,1
1,21.027774,105.809451,3,3,1,60,1,1,0,0,0,0,0,0,0,0,1,0,0,1,1,1,1,1,1,1,0
2,21.022887,105.809677,1,4,1,60,1,1,1,1,1,1,1,1,1,1,1,1,0,1,1,1,1,1,1,1,0
1,21.02607,105.822588,2,4,1,60,1,1,1,1,1,1,1,1,1,1,1,1,1,1,1,0,1,1,1,1,0
2,21.019713,105.837556,4,4,1,60,1,1,0,0,0,0,0,0,0,0,0,0,0,0,1,1,0,1,1,1,0
2,21.005908,105.834151,4,4,1,60,1,1,1,1,1,1,1,1,0,0,0,1,0,1,0,1,1,1,0,1,0
2,21.018425,105.84132,2,4,1,70,1,1,1,1,1,1,1,1,1,1,1,1,0,1,1,1,1,1,1,1,0
2,21.007725,105.833119,2,4,1,70,1,1,1,1,1,1,1,1,1,1,1,1,0,1,1,1,1,1,1,1,1
1,21.022881,105.815906,2,4,1,70,1,1,1,1,1,1,1,1,0,1,1,1,0,1,1,1,1,1,1,1,0
2,21.027572,105.840264,4,4,1,70,1,1,0,0,0,0,0,0,0,0,0,0,0,1,1,1,1,1,1,1,0
2,21.022268,105.822143,5,4,1,75,1,1,0,0,0,0,0,0,0,0,0,0,0,0,0,0,1,0,0,0,0
2,21.005853,105.833029,3,1,1,80,1,1,0,0,0,0,0,1,0,0,0,0,0,0,1,1,1,1,1,1,0
2,21.020502,105.825934,5,1,1,80,1,1,1,1,1,1,1,1,1,1,1,1,0,1,0,0,0,0,0,0,1
2,21.01318,105.819749,2,2,1,80,1,1,1,1,1,1,1,1,1,1,1,1,0,1,1,1,1,1,1,1,0
1,21.033351,105.809923,3,2,1,80,1,1,0,0,0,0,0,0,0,0,0,0,0,0,1,1,1,1,1,1,0
2,21.019709,105.826819,2,3,1,80,1,1,0,1,1,0,1,1,1,0,1,1,0,1,1,1,1,1,1,1,1
2,21.025885,105.839893,4,3,1,80,1,1,0,0,0,0,0,0,0,0,0,0,0,1,1,1,1,1,1,1,0
2,21.021066,105.82188,4,4,1,80,1,1,0,0,0,0,0,0,0,0,1,1,0,1,1,1,0,1,1,1,0
2,21.012835,105.823134,5,4,1,80,1,1,0,0,0,0,0,0,0,0,1,0,0,1,0,0,0,1,0,0,0
2,21.01143,105.828885,4,4,1,85,1,1,0,0,0,0,0,0,0,0,0,0,0,0,1,1,1,1,1,1,0
2,21.012695,105.828349,4,4,1,85,1,1,0,0,0,0,0,1,0,0,0,1,0,0,1,1,1,1,1,1,0
2,21.016776,105.830565,3,3,1,90,1,1,0,0,0,0,0,0,0,0,1,1,0,0,0,0,1,1,1,1,0
2,21.101897,105.83,4,4,1,90,1,1,0,0,0,0,0,0,0,0,1,1,0,1,1,1,1,1,1,1,0
2,21.012436,105.823527,5,4,1,90,1,1,0,0,0,0,0,0,0,0,1,0,0,1,0,0,0,1,1,1,0
2,21.013631,105.833404,2,2,1,95,1,1,1,1,1,1,1,1,1,1,1,1,0,1,1,1,1,1,1,1,1
1,21.037443,105.826767,8,4,0,0,0,1,1,1,1,1,1,1,0,0,0,1,0,0,0,1,1,1,0,1,0
1,21.035189,105.823856,8,4,0,0,0,1,0,0,0,1,1,0,1,0,0,0,0,1,0,1,1,0,1,1,0
1,21.029403,105.82344,8,4,0,0,0,1,1,1,1,1,1,0,0,0,0,0,0,1,0,1,1,1,0,1,0
2,21.016077,105.834694,6,4,1,10,1,1,1,1,1,1,1,1,1,1,1,1,1,1,1,1,1,1,1,1,0
2,21.025276,105.837358,7,4,1,10,1,1,1,1,1,1,1,0,0,1,1,0,0,1,0,0,1,0,0,0,0
1,21.037708,105.815492,7,4,1,10,1,1,1,1,1,1,1,1,1,1,1,1,0,1,1,1,1,1,1,1,0
2,21.008484,105.815459,7,4,1,10,1,1,1,1,1,1,1,1,1,1,1,1,1,1,0,1,1,1,1,1,0
1,21.047286,105.847195,3,1,1,15,1,1,0,0,0,0,0,0,0,0,0,0,0,0,1,0,0,1,1,1,0
2,21.021627,105.839316,5,2,1,15,1,1,0,0,0,0,0,0,0,0,0,0,0,0,1,1,1,0,0,1,0
2,21.005506,105.831443,5,4,1,15,1,1,1,1,1,1,1,1,1,1,1,1,0,1,1,1,1,1,1,1,0
1,21.034388,105.810348,6,4,1,15,1,1,1,1,1,1,1,1,1,1,1,1,1,1,0,1,1,1,1,1,0
1,21.037343,105.814142,6,4,1,20,1,1,1,1,1,1,1,1,1,1,1,1,1,1,1,1,1,1,1,1,0
2,21.028682,105.840204,7,4,1,20,1,1,1,1,1,1,1,1,0,1,1,1,0,1,0,0,1,1,0,0,0
1,21.035185,105.812667,7,4,1,20,1,1,1,1,1,1,1,1,1,1,1,1,1,1,1,1,1,1,1,1,0
2,21.016012,105.81198,7,4,1,20,1,1,1,1,1,1,1,1,1,1,1,1,1,1,1,1,1,1,1,1,0
1,21.02811,105.81,7,4,1,20,1,1,1,1,1,1,1,1,1,1,1,1,0,1,1,1,1,1,1,1,0
2,21.012829,105.832487,3,2,1,30,1,1,1,1,1,1,1,1,1,0,1,1,0,1,1,1,1,1,1,1,1
2,21.005938,105.833268,5,2,1,30,1,1,0,0,0,0,0,1,1,0,0,0,0,1,1,0,0,0,1,1,0
2,21.006573,105.82342,5,3,1,30,1,1,0,0,0,0,0,1,1,0,1,1,0,0,0,0,0,1,1,1,1
2,21.024706,105.833233,4,4,1,30,1,1,0,0,0,0,0,0,0,0,0,0,0,0,1,1,1,1,1,1,0
2,21.006206,105.835455,6,4,1,30,1,1,1,1,1,1,1,1,1,1,1,1,1,1,1,1,1,1,1,1,0
1,21.022462,105.815308,6,4,1,30,1,1,1,1,1,1,1,1,1,1,1,1,1,1,1,1,1,1,1,1,0
2,21.022812,105.828506,7,4,1,30,1,1,1,1,1,1,1,1,1,0,1,1,0,1,0,1,1,1,1,1,0
2,21.011003,105.817991,7,4,1,30,1,1,1,1,1,1,1,0,0,0,1,0,0,1,0,0,0,0,0,0,1
2,21.012284,105.816921,3,1,1,40,1,1,1,1,1,1,1,1,1,0,1,1,0,1,1,1,1,1,1,1,1
2,21.026369,105.832633,3,2,1,40,1,1,1,1,1,1,1,1,1,0,1,1,0,1,1,1,1,1,1,1,1
2,21.019878,105.827114,3,2,1,40,1,1,0,0,0,0,0,1,1,0,0,0,0,0,0,0,0,0,1,1,0
1,21.029547,105.810328,3,2,1,40,1,1,0,0,0,0,0,0,0,0,0,0,0,0,1,1,1,1,1,1,0
2,21.017607,105.825748,3,4,1,40,1,1,0,0,0,0,0,0,0,0,0,0,0,0,1,1,1,1,1,1,0
2,21.021791,105.834016,4,4,1,40,1,1,0,0,0,0,0,0,0,0,0,0,0,0,0,0,0,1,1,1,0
2,21.01452,105.823535,4,4,1,40,1,1,0,0,0,0,0,1,1,0,0,0,0,0,1,1,1,1,1,1,0
1,21.025867,105.822053,5,4,1,40,1,1,1,1,1,1,1,0,0,0,0,0,0,1,1,1,1,1,1,1,1
2,21.013831,105.822816,6,4,1,40,1,1,1,1,1,1,1,1,1,1,1,1,1,1,1,1,1,1,1,1,0
2,21.024016,105.805401,6,4,1,40,1,1,1,1,1,1,1,1,1,1,1,1,1,1,1,1,1,1,1,1,0
2,21.021132,105.835078,3,2,1,45,1,1,1,1,1,1,1,1,1,0,1,1,0,1,1,1,1,1,1,1,1
2,21.019256,105.835017,3,1,1,50,1,1,1,1,1,1,1,1,1,0,1,1,0,1,1,1,1,1,1,1,1
1,21.040805,105.845974,4,1,1,50,1,1,0,0,0,0,0,0,0,0,1,1,0,0,1,1,0,1,1,1,0
1,21.048968,105.845765,3,2,1,50,1,1,1,1,1,1,1,1,1,0,1,1,0,1,1,1,1,1,1,1,0
2,21.025928,105.834662,3,2,1,50,1,1,1,1,1,1,1,1,1,0,1,1,0,1,1,1,1,1,1,1,1
2,21.006339,105.835605,3,3,1,50,1,1,1,1,1,1,1,1,1,0,0,1,0,1,1,1,1,1,1,1,1
2,21.026464,105.839576,4,4,1,50,1,1,0,0,0,0,0,0,0,0,0,0,0,1,1,1,1,1,1,1,0
1,21.025791,105.821613,4,4,1,50,1,1,0,0,0,0,0,0,0,0,0,0,0,0,1,0,0,1,1,1,0
1,21.022857,105.816086,4,4,1,50,1,1,0,0,0,0,0,1,1,0,0,0,0,0,1,1,1,1,1,1,0
2,21.027575,105.838964,3,1,1,60,1,1,1,0,1,1,1,1,0,0,0,1,0,1,1,0,0,1,1,1,1
1,21.007574,105.833167,3,1,1,60,1,1,1,1,1,1,1,1,1,1,1,1,0,1,1,1,1,1,1,1,0
1,21.041166,105.846526,3,2,1,60,1,1,1,1,1,1,1,1,1,1,1,1,0,1,1,1,1,1,1,1,0
1,21.045983,105.842984,3,2,1,60,1,1,1,1,1,1,1,1,1,0,1,1,0,1,1,1,1,1,1,1,0
1,21.04256,105.841327,3,2,1,60,1,1,1,1,1,1,1,1,1,1,1,1,0,1,1,1,1,1,1,1,0
1,21.029104,105.84077,3,2,1,60,1,1,1,1,1,1,1,1,1,0,1,1,0,1,1,1,1,1,1,1,0
1,21.041623,105.840125,3,2,1,60,1,1,1,1,1,1,1,1,1,0,1,1,0,1,1,1,1,1,1,1,0
2,21.018873,105.839353,3,2,1,60,1,1,1,1,1,1,1,1,1,0,1,1,0,1,1,1,1,1,1,1,1
2,21.022477,105.839217,3,2,1,60,1,1,1,1,1,1,1,1,1,0,1,0,0,1,1,1,0,1,1,1,1
2,21.009092,105.837264,3,2,1,60,1,1,1,1,1,1,1,1,1,0,1,1,0,1,1,1,1,1,1,1,1
2,21.02937,105.835284,3,2,1,60,1,1,1,1,1,1,1,1,1,0,0,1,0,1,1,1,1,1,1,1,1
2,21.022005,105.831531,3,2,1,60,1,1,1,1,1,1,1,1,1,0,1,1,0,1,1,1,1,1,1,1,1
2,21.009924,105.830385,3,2,1,60,1,1,1,1,1,1,1,1,1,0,1,1,0,1,1,1,1,1,1,1,1
1,21.034523,105.829637,3,2,1,60,1,1,1,1,1,1,1,1,1,0,1,1,0,1,1,1,1,1,1,1,0
2,21.016014,105.823728,3,2,1,60,1,1,1,1,1,1,1,1,1,0,1,1,0,1,1,1,1,1,1,1,1
1,21.035122,105.821329,3,2,1,60,1,1,1,1,1,1,1,1,1,0,1,1,0,1,1,1,1,1,1,1,0
2,21.016097,105.819703,3,2,1,60,1,1,1,1,1,1,1,1,1,0,1,1,0,1,1,1,1,1,1,1,1
1,21.026897,105.815555,3,2,1,60,1,1,1,1,1,1,1,1,1,0,1,1,0,1,1,1,1,1,1,1,0
1,21.038338,105.812868,3,2,1,60,1,1,1,1,1,1,1,1,1,0,1,1,0,1,1,1,1,1,1,1,0
2,21.014007,105.810292,3,2,1,60,1,1,1,1,1,1,1,1,1,0,1,1,0,1,1,1,1,1,1,1,1
1,21.027673,105.809017,3,2,1,60,1,1,1,1,1,1,1,1,1,0,1,1,0,1,1,0,0,1,1,1,0
1,21.037789,105.808702,3,2,1,60,1,1,1,1,1,1,1,1,1,0,1,1,0,1,1,1,1,1,1,1,0
2,21.023203,105.80722,3,2,1,60,1,1,0,0,0,0,0,0,0,0,1,0,0,1,1,1,1,1,1,1,0
2,21.026758,105.83135,4,2,1,60,1,1,0,0,0,0,0,0,0,0,0,0,0,1,1,1,1,1,1,1,0
1,21.032773,105.821628,4,2,1,60,1,1,0,0,0,0,0,0,0,0,0,0,0,0,1,1,1,1,1,1,0
2,21.015695,105.828247,3,3,1,60,1,1,1,1,1,1,1,1,1,0,1,1,0,1,1,1,1,1,1,1,1
2,21.012364,105.829385,4,3,1,60,1,1,0,0,0,0,0,0,0,0,0,0,0,0,1,0,0,1,1,1,0
2,21.027801,105.828162,4,3,1,60,1,1,0,0,0,0,0,0,0,0,0,0,0,1,1,1,1,1,1,1,0
2,21.018083,105.839102,3,4,1,60,1,1,0,1,0,0,0,0,0,0,0,0,0,1,1,1,1,1,1,1,0
2,21.018706,105.83375,3,4,1,60,1,1,0,1,0,0,0,0,0,0,0,1,0,1,1,1,1,1,1,1,0
1,21.042014,105.846752,4,4,1,60,1,1,0,0,0,0,0,0,0,0,0,0,0,0,0,0,0,1,1,1,0
1,21.048458,105.844867,4,4,1,60,1,1,0,0,0,0,0,0,0,0,0,0,0,0,1,1,1,1,1,1,0
2,21.02816,105.839271,4,4,1,60,1,1,0,0,0,0,0,0,0,0,0,0,0,1,1,1,0,1,1,1,0
2,21.022039,105.839218,4,4,1,60,1,1,0,0,0,0,0,0,0,0,0,0,0,1,1,1,1,1,1,1,0
2,21.021254,105.839215,4,4,1,60,1,1,0,0,0,0,0,0,0,0,0,0,0,1,1,1,1,1,1,1,0
2,21.012176,105.838659,4,4,1,60,1,1,0,0,0,0,0,0,0,0,0,0,0,0,1,1,0,1,1,1,0
2,21.003301,105.835227,4,4,1,60,1,1,0,0,0,0,0,0,0,0,0,0,0,1,1,1,1,1,1,1,0
2,21.021257,105.834694,4,4,1,60,1,1,0,0,0,0,0,0,0,0,0,0,0,1,1,1,1,1,1,1,0
2,21.018859,105.833703,4,4,1,60,1,1,0,0,0,0,0,0,0,0,0,0,0,1,1,1,1,1,1,1,0
2,21.028093,105.828215,4,4,1,60,1,1,0,0,0,0,0,0,0,0,1,1,0,1,1,1,0,1,1,1,0
2,21.025357,105.82737,4,4,1,60,1,1,0,0,0,0,0,0,0,0,0,0,0,1,1,0,0,1,1,1,0
2,21.01439,105.823623,4,4,1,60,1,1,0,0,0,0,0,1,1,0,0,0,0,0,1,1,1,1,1,1,0
2,21.008787,105.815625,4,4,1,60,1,1,0,0,0,0,0,0,0,0,0,0,0,0,1,1,1,1,1,1,0
2,21.026048,105.803523,4,4,1,60,1,1,0,0,1,1,0,0,0,0,0,0,0,0,1,1,1,1,1,1,0
2,21.018176,105.828251,5,4,1,60,1,1,0,0,0,0,0,0,0,0,0,0,0,0,0,0,0,1,0,0,0
1,21.046401,105.846782,3,1,1,65,1,1,1,1,1,1,1,1,1,0,1,1,0,1,1,0,1,1,1,1,0
2,21.020903,105.833959,3,2,1,65,1,1,1,1,1,1,1,1,1,0,1,1,0,1,1,1,1,1,1,1,1
1,21.036714,105.831131,3,2,1,65,1,1,1,1,1,1,1,1,1,0,1,1,0,1,1,1,1,1,1,1,0
1,21.030242,105.825387,3,2,1,65,1,1,1,1,1,1,1,1,1,0,1,1,0,1,1,1,1,1,1,1,0
1,21.030058,105.822717,3,2,1,65,1,1,1,1,1,1,1,1,1,0,1,1,0,1,1,1,1,1,1,1,0
2,21.026591,105.839208,4,3,1,65,1,1,0,0,0,0,0,0,0,0,0,0,0,1,1,1,0,1,1,1,0
1,21.040705,105.845701,4,4,1,65,1,1,0,0,0,0,1,0,0,0,0,0,0,1,1,1,1,1,1,0,0
2,21.028468,105.840133,4,4,1,65,1,1,0,0,0,0,0,0,0,0,0,0,0,1,1,1,1,1,1,1,0
2,21.026581,105.8392,4,4,1,65,1,1,0,0,0,0,0,0,0,0,1,1,0,1,1,0,0,1,1,1,0
2,21.020896,105.8357,4,4,1,65,1,1,0,0,0,0,0,0,0,0,0,1,0,1,1,1,1,1,1,1,0
1,21.034794,105.824784,4,4,1,65,1,1,0,0,0,0,0,0,0,0,0,0,0,0,1,1,1,1,1,1,0
1,21.033726,105.817079,4,4,1,65,1,1,0,0,0,0,0,0,0,0,0,0,0,0,1,1,1,1,1,1,0
1,21.042324,105.814407,4,4,1,65,1,1,0,0,0,0,0,0,0,0,0,0,0,0,1,1,1,1,1,1,0
1,21.040863,105.849,3,1,1,70,1,1,1,1,1,1,1,1,1,0,1,1,0,1,1,1,1,1,1,1,0
1,21.044824,105.843147,4,1,1,70,1,1,0,0,0,0,0,0,0,0,0,0,0,0,1,0,1,1,1,1,0
1,21.043435,105.846536,3,2,1,70,1,1,1,1,1,1,1,1,1,0,0,0,0,1,1,0,0,1,1,1,0
1,21.040867,105.844398,3,2,1,70,1,1,1,1,1,1,1,1,1,1,1,1,0,1,1,1,1,1,1,1,0
2,21.004291,105.829276,3,2,1,70,1,1,1,1,1,1,1,1,1,1,1,1,0,1,1,1,1,1,1,1,1
2,21.013334,105.815867,3,2,1,70,1,1,0,0,0,0,0,0,0,0,0,0,0,0,1,1,1,1,1,1,0
2,21.023663,105.804817,3,2,1,70,1,1,0,0,0,0,0,0,0,0,0,0,0,0,1,1,1,1,1,1,0
2,21.018867,105.804668,3,2,1,70,1,1,1,1,1,1,1,0,1,0,1,1,0,1,1,1,1,1,1,1,1
2,21.028624,105.836825,4,2,1,70,1,1,0,0,0,0,0,0,0,0,0,0,0,0,1,1,1,1,1,1,0
2,21.020592,105.836317,4,2,1,70,1,1,0,0,0,0,0,0,0,0,0,0,0,0,1,0,0,1,1,1,0
1,21.037754,105.812074,4,2,1,70,1,1,0,0,0,0,0,0,0,0,0,0,0,0,1,1,1,1,1,1,0
2,21.023706,105.806858,4,2,1,70,1,1,0,0,0,0,0,0,0,0,0,0,0,1,1,1,1,1,1,1,0
1,21.042115,105.847318,3,3,1,70,1,1,0,0,0,0,0,0,0,0,0,0,0,0,1,1,1,1,1,1,0
2,21.019485,105.832975,3,3,1,70,1,1,0,0,0,0,0,0,0,0,0,0,0,0,1,1,1,1,1,1,0
2,21.023172,105.839475,4,3,1,70,1,1,0,0,0,0,0,0,0,0,0,0,0,0,1,0,0,1,1,1,0
2,21.003321,105.835745,4,3,1,70,1,1,0,0,0,0,0,0,0,0,0,0,0,1,1,1,1,1,1,1,0
2,21.013915,105.834979,4,3,1,70,1,1,0,0,0,0,0,0,0,0,0,1,0,1,1,1,1,1,1,1,0
2,21.00594,105.833852,4,3,1,70,1,1,0,0,0,0,0,0,0,0,0,0,0,1,1,1,1,1,1,1,0
2,21.016112,105.830666,4,3,1,70,1,1,0,0,0,0,0,0,0,0,0,0,0,1,1,1,0,1,1,1,0
2,21.005223,105.822061,4,3,1,70,1,1,0,0,0,0,0,0,0,0,0,0,0,0,1,1,1,1,1,1,0
2,21.011396,105.820352,4,3,1,70,1,1,0,0,0,0,0,0,0,0,0,0,0,0,1,1,1,1,1,1,0
1,21.026205,105.817927,4,3,1,70,1,1,0,0,0,0,0,0,0,0,0,0,0,0,1,1,1,1,1,1,0
1,21.040443,105.843333,3,4,1,70,1,1,0,0,0,0,0,0,0,1,1,0,0,1,1,1,1,1,1,1,0
2,21.019083,105.838371,3,4,1,70,1,1,0,0,0,0,0,0,0,0,0,0,0,0,1,1,0,1,1,1,0
2,21.019815,105.837778,3,4,1,70,1,1,0,0,0,0,0,1,0,0,1,0,0,1,1,1,1,1,1,1,0
2,21.006329,105.835251,3,4,1,70,1,1,1,1,1,1,0,1,0,0,1,1,0,1,1,1,1,1,1,1,0
1,21.033199,105.806739,3,4,1,70,1,1,0,0,0,0,0,0,0,0,0,0,0,0,1,1,1,1,1,1,0
1,21.040796,105.848402,4,4,1,70,1,1,0,0,0,0,0,0,0,0,0,0,0,0,0,1,1,1,1,1,0
1,21.048541,105.8449,4,4,1,70,1,1,0,0,0,0,0,0,0,0,0,0,0,0,1,1,1,1,1,1,0
2,21.014505,105.840244,4,4,1,70,1,1,0,0,0,0,0,0,0,0,0,0,0,0,0,0,0,1,1,1,0
2,21.028529,105.840145,4,4,1,70,1,1,0,0,0,0,0,0,0,0,0,0,0,0,1,1,1,1,1,1,0
2,21.014216,105.839174,4,4,1,70,1,1,0,0,0,0,0,0,0,0,0,0,0,1,1,0,0,1,1,1,0
2,21.026692,105.839132,4,4,1,70,1,1,0,0,0,0,0,0,0,0,0,0,0,0,1,1,0,0,1,1,0
2,21.027655,105.838964,4,4,1,70,1,1,0,0,0,0,0,0,0,0,0,0,0,1,1,1,1,1,1,1,0
1,21.042793,105.838944,4,4,1,70,1,1,0,0,0,0,0,0,0,0,0,0,0,0,1,0,0,1,1,1,0
2,21.013458,105.838551,4,4,1,70,1,1,0,0,0,0,0,0,0,0,0,0,0,0,1,0,0,1,1,1,0
2,21.012011,105.837916,4,4,1,70,1,1,0,0,0,0,0,0,0,0,0,0,0,0,1,0,0,1,1,1,0
2,21.011099,105.837745,4,4,1,70,1,1,0,0,0,0,0,0,0,0,0,0,0,0,0,0,0,1,1,1,0
2,21.021178,105.83726,4,4,1,70,1,1,0,0,0,0,0,0,0,0,1,0,0,1,1,0,1,1,1,1,0
2,21.019297,105.837205,4,4,1,70,1,1,0,0,0,0,0,0,0,0,0,0,0,1,1,1,0,1,1,1,0
2,21.02234,105.836059,4,4,1,70,1,1,0,0,0,0,0,0,0,0,0,0,0,1,1,1,0,1,1,1,0
2,21.003354,105.835667,4,4,1,70,1,1,0,0,0,0,0,0,0,0,0,0,0,0,1,1,1,1,1,1,0
2,21.004908,105.835482,4,4,1,70,1,1,0,0,0,0,0,0,0,0,0,0,0,1,1,1,1,1,1,1,0
2,21.022047,105.835,4,4,1,70,1,1,0,0,0,0,0,0,0,0,0,0,0,0,1,0,0,1,1,1,0
2,21.023801,105.834965,4,4,1,70,1,1,0,0,0,0,0,0,0,0,0,0,0,1,1,1,1,1,1,1,0
2,21.024644,105.83367,4,4,1,70,1,1,0,0,0,0,0,0,0,0,0,0,0,0,1,0,0,1,1,1,0
2,21.026562,105.83349,4,4,1,70,1,1,0,0,0,0,0,0,0,0,0,0,0,0,1,1,1,1,1,1,0
2,21.013459,105.833419,4,4,1,70,1,1,0,0,0,0,0,0,0,0,0,0,0,0,1,1,0,1,1,1,0
2,21.026204,105.832754,4,4,1,70,1,1,0,0,0,0,0,0,0,0,0,0,0,1,1,0,0,1,1,1,0
2,21.021332,105.832217,4,4,1,70,1,1,0,0,0,0,0,0,0,0,0,0,0,0,1,0,0,1,1,1,0
2,21.021331,105.831813,4,4,1,70,1,1,0,0,0,0,0,0,0,0,0,0,0,0,0,0,0,0,1,1,0
2,21.023673,105.831603,4,4,1,70,1,1,0,0,0,0,0,0,0,0,0,0,0,0,1,0,0,1,1,1,0
2,21.026659,105.831549,4,4,1,70,1,1,0,0,0,0,0,0,0,0,1,1,0,1,1,1,0,1,1,1,0
2,21.026865,105.83126,4,4,1,70,1,1,0,0,0,0,0,0,0,0,0,0,0,0,1,1,1,1,1,1,0
2,21.014625,105.831182,4,4,1,70,1,1,0,0,0,0,0,0,0,0,1,0,0,1,1,1,0,1,1,1,0
2,21.010274,105.831077,4,4,1,70,1,1,0,0,0,0,0,0,0,0,0,0,0,0,1,1,1,1,1,1,0
1,21.034417,105.830423,4,4,1,70,1,1,0,0,0,0,0,0,0,0,0,0,0,0,1,1,1,1,1,1,0
2,21.024151,105.830383,4,4,1,70,1,1,0,0,0,0,0,0,0,0,0,0,0,0,1,1,1,1,1,1,0
2,21.025149,105.830363,4,4,1,70,1,1,0,0,0,0,0,0,0,0,0,0,0,0,1,1,1,1,1,1,0
2,21.024152,105.83027,4,4,1,70,1,1,0,0,0,0,0,0,0,0,0,0,0,1,1,1,1,1,1,1,0
2,21.021354,105.830213,4,4,1,70,1,1,0,0,0,0,0,0,0,0,0,0,0,0,1,1,1,1,1,1,0
1,21.037794,105.830157,4,4,1,70,1,1,0,0,0,0,0,0,0,0,0,0,0,0,1,1,1,1,1,1,0
2,21.023455,105.829992,4,4,1,70,1,1,0,0,0,0,0,0,0,0,0,0,0,0,1,1,1,1,1,1,0
1,21.037798,105.829828,4,4,1,70,1,1,0,0,0,0,0,0,0,0,0,0,0,0,1,1,1,1,1,1,0
2,21.021834,105.829245,4,4,1,70,1,1,0,0,0,0,0,0,0,0,0,0,0,1,1,1,1,1,1,1,0
2,21.023554,105.829167,4,4,1,70,1,1,0,0,0,0,0,0,0,0,0,0,0,1,1,1,1,1,1,1,0
2,21.004387,105.829078,4,4,1,70,1,1,0,0,0,0,0,0,0,0,0,0,0,0,1,0,0,1,1,1,0
2,21.021869,105.82907,4,4,1,70,1,1,0,0,0,0,0,0,0,0,0,0,0,1,1,1,1,1,1,1,0
2,21.021948,105.828892,4,4,1,70,1,1,0,0,0,0,0,0,0,0,0,0,0,1,1,1,1,1,1,1,0
2,21.012418,105.828525,4,4,1,70,1,1,0,0,0,0,0,0,0,0,1,0,0,1,1,1,1,1,1,1,0
2,21.02738,105.828286,4,4,1,70,1,1,0,0,0,0,0,0,0,0,0,0,0,0,1,1,1,1,1,1,0
2,21.028207,105.82817,4,4,1,70,1,1,0,0,0,0,0,0,0,0,0,0,0,0,1,1,1,1,1,1,0
2,21.028186,105.827509,4,4,1,70,1,1,0,0,0,0,0,0,0,0,0,0,0,0,1,1,1,1,1,1,0
2,21.02244,105.827019,4,4,1,70,1,1,0,0,0,0,0,0,0,0,0,0,0,0,1,0,0,1,1,1,0
2,21.005136,105.825781,4,4,1,70,1,1,0,0,0,0,0,0,0,0,1,1,0,1,1,1,1,1,1,1,0
2,21.004114,105.825688,4,4,1,70,1,1,0,0,0,0,0,0,0,0,0,0,0,1,0,0,0,1,1,1,0
2,21.004156,105.825542,4,4,1,70,1,1,0,0,0,0,0,0,0,0,0,0,0,0,1,0,0,1,1,1,0
2,21.01026,105.824798,4,4,1,70,1,1,0,0,0,0,0,0,0,0,0,0,0,0,1,1,1,1,1,1,0
1,21.035974,105.822642,4,4,1,70,1,1,0,0,0,0,0,0,0,0,0,0,0,0,1,1,1,1,1,1,0
1,21.03076,105.822067,4,4,1,70,1,1,0,0,0,0,0,0,0,0,0,0,0,0,1,1,1,1,1,1,0
2,21.005468,105.821749,4,4,1,70,1,1,0,0,0,0,0,0,0,0,0,0,0,0,1,1,1,1,1,1,0
2,21.020508,105.821697,4,4,1,70,1,1,0,0,0,0,0,0,0,0,0,0,0,1,1,1,1,1,1,1,0
2,21.020385,105.821623,4,4,1,70,1,1,0,0,0,0,0,0,0,0,0,1,0,1,1,1,0,1,1,1,0
1,21.030226,105.820831,4,4,1,70,1,1,0,0,0,0,0,0,0,0,0,0,0,1,1,1,1,1,1,1,0
2,21.007978,105.819995,4,4,1,70,1,1,0,0,0,0,0,0,0,0,0,0,0,0,1,1,1,1,1,1,0
1,21.021745,105.819895,4,4,1,70,1,1,0,0,0,0,0,0,0,0,0,0,0,0,1,1,1,1,1,1,0
1,21.021924,105.819513,4,4,1,70,1,1,0,0,0,0,0,0,0,0,0,0,0,0,0,1,1,1,1,1,0
1,21.020079,105.819221,4,4,1,70,1,1,0,0,0,0,0,0,0,0,0,0,0,0,1,1,1,1,1,1,0
1,21.035016,105.817655,4,4,1,70,1,1,0,0,0,0,0,0,0,0,0,0,0,0,1,1,1,1,1,1,0
1,21.037463,105.8171,4,4,1,70,1,1,0,0,0,0,0,0,0,0,0,0,0,0,1,1,1,1,1,1,0
2,21.010022,105.816954,4,4,1,70,1,1,0,0,0,0,0,0,0,0,0,0,0,1,1,1,1,1,1,1,0
1,21.023926,105.816354,4,4,1,70,1,1,0,0,0,0,0,0,0,0,0,0,0,0,1,1,1,1,1,1,0
1,21.026714,105.815621,4,4,1,70,1,1,0,0,0,0,0,0,0,0,0,0,0,0,1,1,1,1,1,1,0
1,21.037651,105.814085,4,4,1,70,1,1,0,0,0,0,0,0,0,0,0,0,0,0,1,1,1,1,1,1,0
1,21.035993,105.813008,4,4,1,70,1,1,0,0,0,0,0,0,0,0,0,0,0,0,1,1,0,1,1,1,0
1,21.020445,105.812896,4,4,1,70,1,1,0,0,0,0,0,0,0,0,0,0,0,0,1,1,1,1,1,1,0
1,21.021629,105.812491,4,4,1,70,1,1,0,0,0,0,0,0,0,0,0,0,0,1,1,1,1,1,1,1,0
2,21.019948,105.807932,4,4,1,70,1,1,0,0,0,0,0,0,0,0,0,0,0,0,1,1,1,1,1,1,0
2,21.018765,105.807748,4,4,1,70,1,1,0,0,0,0,0,0,0,0,0,0,0,0,1,1,1,1,1,1,0
2,21.020259,105.807429,4,4,1,70,1,1,0,0,0,0,0,0,0,0,0,0,0,0,1,1,1,1,1,1,0
2,21.020005,105.806535,4,4,1,70,1,1,0,0,0,0,0,0,0,0,0,0,0,0,1,1,1,1,1,1,0
2,21.017004,105.805208,4,4,1,70,1,1,0,0,0,0,0,0,0,0,0,0,0,0,1,1,1,1,1,1,0
2,21.019039,105.804908,4,4,1,70,1,1,0,0,0,0,0,0,0,0,1,1,0,0,1,1,1,1,1,1,0
2,21.018833,105.804561,4,4,1,70,1,1,0,0,0,0,0,0,0,0,0,0,0,0,1,1,1,1,1,1,0
2,21.018773,105.804491,4,4,1,70,1,1,0,0,0,0,0,0,0,0,0,0,0,0,1,1,1,1,1,1,0
2,21.018303,105.804012,4,4,1,70,1,1,0,0,0,0,0,0,0,0,0,0,0,0,1,1,1,1,1,1,0
1,21.046176,105.841425,3,2,1,75,1,1,0,0,0,0,0,0,0,0,0,0,0,1,1,1,1,1,1,1,0
2,21.023422,105.835969,4,4,1,75,1,1,0,0,0,0,0,0,0,0,1,0,0,1,1,1,0,1,1,1,0
2,21.022617,105.835827,4,4,1,75,1,1,0,0,0,0,0,0,0,1,1,1,0,1,1,1,0,1,1,1,0
2,21.013824,105.835342,4,4,1,75,1,1,0,0,0,0,0,0,0,0,1,1,0,1,1,1,1,1,1,1,0
2,21.024468,105.833938,4,4,1,75,1,1,0,0,0,0,0,0,0,0,0,0,0,1,1,0,1,1,1,1,0
2,21.006243,105.826159,4,4,1,75,1,1,0,0,0,0,0,0,0,0,1,0,0,1,1,1,1,1,1,1,0
2,21.021559,105.822267,4,4,1,75,1,1,0,0,0,0,0,0,0,0,1,0,0,1,1,1,1,1,1,1,0
2,21.020187,105.821417,4,4,1,75,1,1,0,0,0,0,0,0,0,0,1,0,0,1,1,1,0,1,1,1,0
2,21.016649,105.817707,4,4,1,75,1,1,0,0,0,0,0,0,0,0,1,0,0,1,1,1,1,1,1,1,0
1,21.034024,105.817164,4,4,1,75,1,1,0,0,0,0,0,0,0,0,0,0,0,1,1,1,1,1,1,1,0
1,21.027722,105.812747,4,4,1,75,1,1,0,0,0,0,0,0,0,0,0,0,0,0,1,1,1,1,1,1,0
1,21.02106,105.812007,4,4,1,75,1,1,0,0,0,0,0,0,0,0,0,0,0,0,1,1,1,1,1,1,0
1,21.029423,105.809204,4,4,1,75,1,1,0,0,0,0,0,0,0,0,0,0,0,0,1,1,1,1,1,1,0
2,21.028588,105.837841,3,1,1,80,1,1,0,0,0,0,0,0,0,0,0,0,0,0,1,1,1,1,1,1,0
2,21.011017,105.830671,3,1,1,80,1,1,0,0,0,0,0,0,0,0,1,0,0,1,1,1,1,0,1,1,0
2,21.013,105.83,3,1,1,80,1,1,0,0,0,0,0,0,0,0,0,0,0,1,1,1,1,1,1,1,0
1,21.042736,105.842479,4,1,1,80,1,1,0,0,0,0,0,0,0,0,0,0,0,0,1,1,1,1,1,1,0
1,21.043114,105.843395,3,2,1,80,1,1,0,0,0,0,0,0,0,0,0,0,0,0,1,1,1,1,1,1,0
1,21.0441,105.843008,3,2,1,80,1,1,1,1,1,1,1,1,1,0,1,1,0,1,1,1,1,1,1,1,0
1,21.0427,105.839963,3,2,1,80,1,1,0,0,0,0,0,0,0,0,0,0,0,0,1,1,1,1,1,1,0
2,21.011225,105.837516,3,2,1,80,1,1,0,1,1,1,1,0,1,0,0,0,0,1,1,1,1,1,1,1,1
2,21.019435,105.831552,3,2,1,80,1,1,0,0,0,0,0,0,0,0,0,0,0,0,1,1,1,1,1,1,0
2,21.01919,105.83082,3,2,1,80,1,1,1,1,1,1,1,1,1,0,1,1,0,1,1,1,1,1,1,1,1
2,21.013788,105.822359,3,2,1,80,1,1,1,1,1,1,1,1,1,0,1,1,0,1,1,1,1,1,1,1,1
2,21.016443,105.806124,3,2,1,80,1,1,1,1,1,1,1,1,1,0,1,0,0,1,1,1,1,1,1,1,1
2,21.014116,105.835003,3,3,1,80,1,1,1,1,1,1,1,1,1,0,1,1,0,1,1,1,1,1,1,1,1
2,21.01734,105.833292,3,3,1,80,1,1,0,0,0,0,0,0,0,0,0,0,0,0,1,1,0,1,1,1,0
1,21.048076,105.846872,4,3,1,80,1,1,0,0,0,0,0,0,0,0,0,0,0,1,1,1,1,1,1,1,0
1,21.046523,105.846833,4,3,1,80,1,1,0,0,0,0,0,0,0,0,0,0,0,0,1,0,0,1,1,1,0
1,21.048221,105.8446,4,3,1,80,1,1,0,0,0,0,0,0,0,0,0,0,0,0,1,1,1,1,1,1,0
2,21.0276,105.839077,4,3,1,80,1,1,0,0,0,0,0,0,0,0,1,1,0,0,0,1,1,1,0,1,0
2,21.012288,105.836671,4,3,1,80,1,1,0,0,0,0,0,0,0,0,1,0,0,1,1,1,0,1,1,1,0
2,21.02572,105.834823,4,3,1,80,1,1,0,0,0,0,0,0,0,0,0,0,0,0,1,1,1,1,1,1,0
2,21.005925,105.833508,4,3,1,80,1,1,0,0,0,0,0,0,0,0,0,0,0,1,1,1,1,1,1,1,0
1,21.033084,105.831414,4,3,1,80,1,1,0,0,0,0,0,0,0,0,0,0,0,0,1,1,1,1,1,1,0
1,21.032328,105.830847,4,3,1,80,1,1,0,0,0,0,0,0,0,0,0,0,0,0,1,1,1,1,1,1,0
2,21.016093,105.830766,4,3,1,80,1,1,0,0,0,0,0,0,0,0,1,0,0,0,1,1,0,1,1,1,0
2,21.009194,105.819462,4,3,1,80,1,1,0,0,0,0,0,0,0,0,0,0,0,0,1,0,0,1,1,0,0
1,21.03557,105.818319,4,3,1,80,1,1,0,0,0,0,0,0,0,0,0,0,0,0,1,1,1,1,1,1,0
2,21.017921,105.817779,4,3,1,80,1,1,0,0,0,0,0,0,0,0,1,0,0,1,1,1,1,1,1,1,0
1,21.024243,105.816621,4,3,1,80,1,1,0,0,0,0,0,0,0,0,0,0,0,0,1,1,1,1,1,1,0
2,21.012849,105.823277,5,3,1,80,1,1,0,0,0,0,0,0,0,0,0,0,0,1,0,0,0,1,1,0,0
2,21.010255,105.81719,3,4,1,80,1,1,0,0,0,0,0,0,0,0,1,1,0,0,1,1,1,1,1,1,1
1,21.048109,105.846894,4,4,1,80,1,1,0,0,0,0,0,0,0,0,0,0,0,0,1,1,1,1,1,1,0
1,21.049053,105.84611,4,4,1,80,1,1,0,0,0,0,0,0,0,0,0,0,0,0,1,1,1,1,1,1,0
2,21.027791,105.840273,4,4,1,80,1,1,0,0,0,0,0,0,0,0,0,0,0,0,0,1,1,1,0,1,0
1,21.042811,105.839618,4,4,1,80,1,1,0,0,0,0,0,0,0,0,0,0,0,0,1,1,1,1,1,1,0
2,21.020777,105.837479,4,4,1,80,1,1,0,0,0,0,0,0,0,0,0,0,0,1,1,1,0,1,1,1,0
2,21.021128,105.837463,4,4,1,80,1,1,0,0,0,0,0,0,0,0,0,0,0,1,1,1,1,1,1,1,0
2,21.019161,105.836673,4,4,1,80,1,1,0,0,0,0,0,0,0,0,0,0,0,1,1,1,1,1,1,1,0
2,21.01238,105.836553,4,4,1,80,1,1,0,0,0,0,0,0,0,0,1,0,0,1,1,1,1,1,1,1,0
2,21.022577,105.835935,4,4,1,80,1,1,0,0,0,0,0,0,0,0,0,0,0,1,1,1,1,1,1,1,0
2,21.022673,105.835923,4,4,1,80,1,1,0,0,0,0,0,0,0,0,1,0,0,1,1,1,1,1,1,1,0
2,21.013418,105.835457,4,4,1,80,1,1,0,0,0,0,0,0,0,0,1,0,0,1,1,1,0,1,1,1,0
2,21.027578,105.834616,4,4,1,80,1,1,0,0,0,0,0,0,0,0,0,0,0,0,1,1,1,1,1,1,0
2,21.003055,105.834388,4,4,1,80,1,1,0,0,0,0,0,0,0,0,0,0,0,1,1,1,1,1,1,1,0
2,21.024492,105.833683,4,4,1,80,1,1,0,0,0,0,0,0,0,0,1,0,0,1,1,1,1,1,1,1,0
2,21.018274,105.833485,4,4,1,80,1,1,0,0,0,0,0,0,0,0,0,0,0,0,1,1,0,1,1,1,0
2,21.027297,105.83291,4,4,1,80,1,1,0,0,0,0,0,0,0,0,0,0,0,1,1,1,1,1,1,1,0
2,21.021304,105.832132,4,4,1,80,1,1,0,0,0,0,0,0,0,0,0,0,0,0,1,0,0,1,1,1,0
2,21.02127,105.832045,4,4,1,80,1,1,0,0,0,0,0,0,0,0,0,0,0,0,1,0,0,1,1,1,0
2,21.01696,105.831991,4,4,1,80,1,1,0,0,0,0,0,0,0,0,0,1,0,1,1,1,1,1,1,1,0
2,21.008727,105.8317,4,4,1,80,1,1,0,0,0,0,0,0,0,0,0,0,0,0,1,1,1,1,1,1,0
2,21.017598,105.831649,4,4,1,80,1,1,0,0,0,0,0,0,0,0,0,0,0,1,1,1,0,1,1,1,0
2,21.026556,105.831618,4,4,1,80,1,1,0,0,0,0,0,0,0,0,0,0,0,0,1,1,1,1,1,1,0
1,21.032963,105.831358,4,4,1,80,1,1,0,0,0,0,0,0,0,0,0,0,0,0,1,1,1,1,1,1,0
2,21.010067,105.831165,4,4,1,80,1,1,0,0,0,0,0,0,0,0,0,0,0,0,1,1,1,1,1,1,0
2,21.015668,105.831061,4,4,1,80,1,1,0,0,0,0,0,0,0,0,0,0,0,1,1,1,1,1,1,1,0
2,21.002279,105.829782,4,4,1,80,1,1,0,0,0,0,0,0,0,0,0,0,0,1,1,1,1,1,1,1,0
2,21.001898,105.829566,4,4,1,80,1,1,0,0,0,0,0,0,0,0,0,1,0,1,1,1,0,1,1,1,0
2,21.027728,105.829448,4,4,1,80,1,1,0,0,0,0,0,0,0,0,0,0,0,1,1,1,1,1,1,1,0
2,21.018291,105.828751,4,4,1,80,1,1,0,0,0,0,0,0,0,0,0,0,0,0,1,1,1,1,1,1,0
2,21.012326,105.82843,4,4,1,80,1,1,0,0,0,0,0,0,0,0,0,0,0,0,1,1,1,1,1,1,0
1,21.039509,105.828346,4,4,1,80,1,1,0,0,0,0,0,0,0,0,0,0,0,0,1,1,1,1,1,1,0
2,21.014756,105.827847,4,4,1,80,1,1,0,0,0,0,0,0,0,0,0,0,0,1,1,1,1,1,1,1,0
2,21.015205,105.82747,4,4,1,80,1,1,0,0,0,0,0,0,0,0,0,0,0,0,1,1,1,1,1,1,0
2,21.019385,105.827277,4,4,1,80,1,1,0,0,0,0,0,0,0,0,0,0,0,0,1,1,1,1,1,1,0
2,21.006394,105.826215,4,4,1,80,1,1,0,0,0,0,0,0,0,0,1,1,0,1,1,1,1,1,1,1,0
2,21.011386,105.825622,4,4,1,80,1,1,0,0,0,0,0,0,0,0,0,0,0,0,1,1,1,1,1,1,0
2,21.010057,105.824737,4,4,1,80,1,1,0,0,0,0,0,0,0,0,0,0,0,0,1,1,1,1,1,1,0
1,21.027678,105.824454,4,4,1,80,1,1,0,0,0,0,0,0,0,0,0,0,0,0,1,1,1,1,1,1,0
1,21.028564,105.823984,4,4,1,80,1,1,0,0,0,0,0,1,1,0,0,0,0,0,1,1,1,1,1,1,0
1,21.041225,105.823625,4,4,1,80,1,1,0,0,0,0,0,0,0,0,0,0,0,0,1,1,1,1,1,1,0
1,21.030167,105.823265,4,4,1,80,1,1,0,0,0,0,0,0,0,0,0,0,0,0,1,1,1,1,1,1,0
1,21.031812,105.822478,4,4,1,80,1,1,0,0,0,0,0,0,0,0,0,0,0,0,1,1,1,1,1,1,0
2,21.007716,105.820859,4,4,1,80,1,1,0,0,0,0,0,0,0,0,0,0,0,0,1,1,1,1,1,1,0
2,21.006905,105.82071,4,4,1,80,1,1,0,0,0,0,0,0,0,0,0,0,0,0,1,1,1,1,1,1,0
2,21.010722,105.819927,4,4,1,80,1,1,0,0,0,0,0,0,0,0,0,0,0,1,1,1,1,1,1,1,0
2,21.011013,105.81802,4,4,1,80,1,1,0,0,0,0,0,0,0,0,0,0,0,1,1,1,1,1,1,1,0
2,21.010212,105.816985,4,4,1,80,1,1,0,0,0,0,0,0,0,0,0,0,0,0,1,1,1,1,1,1,0
2,21.009714,105.81662,4,4,1,80,1,1,0,0,0,0,0,0,0,0,0,0,0,1,1,1,1,1,1,1,0
1,21.037624,105.814107,4,4,1,80,1,1,0,0,0,0,0,0,0,0,0,0,0,0,1,1,1,1,1,1,0
1,21.041363,105.813784,4,4,1,80,1,1,0,0,0,0,0,0,0,0,0,0,0,0,1,1,1,1,1,1,0
1,21.037843,105.813697,4,4,1,80,1,1,0,0,0,0,0,0,0,0,0,0,0,0,1,1,1,1,1,1,0
1,21.035992,105.813033,4,4,1,80,1,1,0,0,0,0,0,0,0,0,0,0,0,0,1,1,1,1,1,1,0
1,21.040753,105.81295,4,4,1,80,1,1,0,0,0,0,0,0,0,0,0,0,0,0,1,1,1,1,1,1,0
1,21.028253,105.812887,4,4,1,80,1,1,0,0,0,0,0,0,0,0,0,0,0,0,1,1,1,1,1,1,0
2,21.015564,105.812836,4,4,1,80,1,1,0,0,0,0,0,0,0,0,0,0,0,0,1,1,1,1,1,1,0
1,21.038355,105.812809,4,4,1,80,1,1,0,0,0,0,0,0,0,0,0,0,0,0,1,1,1,1,1,1,0
1,21.038856,105.812766,4,4,1,80,1,1,0,0,0,0,0,0,0,0,0,0,0,0,1,1,1,1,1,1,0
1,21.035024,105.812624,4,4,1,80,1,1,0,0,0,0,0,0,0,0,0,0,0,0,1,1,1,1,1,1,0
2,21.013402,105.812395,4,4,1,80,1,1,0,0,0,0,0,0,0,0,0,0,0,0,1,1,1,1,1,1,0
2,21.015859,105.812139,4,4,1,80,1,1,0,0,0,0,0,0,0,0,0,0,0,0,1,1,1,1,1,1,0
1,21.021879,105.812097,4,4,1,80,1,1,0,0,0,0,0,0,0,0,0,0,0,1,1,1,1,1,1,1,0
1,21.022269,105.812014,4,4,1,80,1,1,0,0,0,0,0,0,0,0,0,0,0,1,1,1,1,1,1,1,0
2,21.014727,105.810117,4,4,1,80,1,1,0,0,0,0,0,0,0,0,0,0,0,0,1,1,1,1,1,1,0
1,21.028442,105.808136,4,4,1,80,1,1,0,0,0,0,0,0,0,0,0,0,0,1,1,1,1,1,1,1,0
1,21.037729,105.80772,4,4,1,80,1,1,0,0,0,0,0,0,0,0,0,0,0,0,1,1,1,1,1,1,0
2,21.023257,105.807275,4,4,1,80,1,1,0,0,0,0,0,0,0,0,0,0,0,0,1,1,1,1,1,1,0
2,21.023604,105.804234,4,4,1,80,1,1,0,0,0,0,0,0,0,0,0,0,0,1,1,1,1,1,1,1,0
2,21.022841,105.800719,4,4,1,80,1,1,0,0,0,0,0,0,0,0,0,0,0,0,1,1,1,1,1,1,0
2,21.004087,105.825741,5,4,1,80,1,1,0,0,0,0,0,0,0,0,0,0,0,1,0,0,0,0,0,0,0
2,21.002907,105.834486,3,1,1,85,1,1,1,1,1,1,1,1,1,1,1,1,0,1,1,1,1,1,1,1,1
1,21.035958,105.812748,4,2,1,85,1,1,0,0,0,0,0,0,0,0,0,0,0,1,1,1,1,1,1,1,0
2,21.010863,105.818282,4,3,1,85,1,1,0,0,0,0,0,0,0,0,0,0,0,0,1,1,1,1,1,1,0
1,21.028424,105.808258,4,3,1,85,1,1,0,0,0,0,0,0,0,0,0,0,0,0,1,1,1,1,1,1,0
1,21.046319,105.846666,4,4,1,85,1,1,0,0,0,0,0,0,0,0,0,0,0,0,1,0,0,1,1,1,0
1,21.043445,105.846644,4,4,1,85,1,1,0,0,0,0,0,0,0,0,0,0,0,0,1,1,1,1,1,1,0
1,21.042054,105.84368,4,4,1,85,1,1,0,0,0,0,0,0,0,0,0,0,0,0,1,1,1,1,1,1,0
1,21.042309,105.842771,4,4,1,85,1,1,0,0,0,0,0,0,0,0,0,0,0,0,1,1,1,1,1,1,0
1,21.043742,105.842198,4,4,1,85,1,1,0,0,0,0,0,0,0,0,0,0,0,0,1,1,1,1,1,1,0
1,21.043278,105.841464,4,4,1,85,1,1,0,0,0,0,0,0,0,0,0,0,0,0,1,1,0,1,1,1,0
1,21.032612,105.833062,4,4,1,85,1,1,0,0,0,0,0,0,0,0,0,0,0,0,1,1,1,1,1,1,0
1,21.032395,105.830938,4,4,1,85,1,1,0,0,0,0,0,0,0,0,0,0,0,0,1,1,1,1,1,1,0
1,21.032517,105.827089,4,4,1,85,1,1,0,0,0,0,0,0,0,0,0,0,0,1,1,1,1,1,1,1,0
2,21.007973,105.825601,4,4,1,85,1,1,0,0,0,0,0,0,0,0,1,0,0,1,1,0,1,1,1,1,0
1,21.029181,105.823542,4,4,1,85,1,1,0,0,0,0,0,0,0,0,0,0,0,0,1,1,1,1,1,1,0
1,21.030458,105.822272,4,4,1,85,1,1,0,0,0,0,0,0,0,0,0,0,0,0,1,1,1,1,1,1,0
1,21.026498,105.821625,4,4,1,85,1,1,0,0,0,0,0,0,0,0,0,0,0,0,1,1,1,1,1,1,0
2,21.005933,105.821289,4,4,1,85,1,1,0,0,0,0,0,0,0,0,0,0,0,1,1,1,1,1,1,1,0
1,21.038124,105.813212,4,4,1,85,1,1,0,0,0,0,0,0,0,0,0,0,0,0,1,1,1,1,1,1,0
1,21.03936,105.815881,3,1,1,90,1,1,0,0,0,0,0,0,0,0,0,0,0,1,1,1,1,1,1,1,0
1,21.034459,105.81201,3,1,1,90,1,1,0,0,0,0,0,0,0,0,0,0,0,1,1,1,1,1,1,1,0
2,21.005428,105.831164,3,2,1,90,1,1,0,0,0,0,0,0,0,0,0,0,0,0,1,1,1,1,1,1,0
2,21.018949,105.828044,3,2,1,90,1,1,1,1,1,1,1,1,1,0,1,1,0,1,1,1,1,1,1,1,1
2,21.023602,105.806199,3,2,1,90,1,1,0,0,0,0,0,0,0,0,1,0,0,1,1,1,1,1,1,1,0
2,21.027161,105.838821,4,2,1,90,1,1,0,0,0,0,0,0,0,0,0,0,0,0,1,1,1,1,1,1,0
2,21.01989,105.826959,4,2,1,90,1,1,0,0,0,0,0,0,0,0,0,0,0,0,1,1,1,1,1,1,0
2,21.017053,105.825507,4,2,1,90,1,1,0,0,0,0,0,0,0,0,0,0,0,1,1,1,1,1,1,1,0
2,21.013401,105.812087,4,2,1,90,1,1,0,0,0,0,0,0,0,0,0,0,0,0,1,1,0,0,1,1,0
2,21.006783,105.820527,3,3,1,90,1,1,0,0,0,0,0,0,0,0,1,1,0,0,1,1,1,1,1,1,0
1,21.042498,105.838143,4,3,1,90,1,1,0,0,0,0,0,0,0,0,0,0,0,0,1,0,0,1,1,1,0
2,21.005641,105.832691,4,3,1,90,1,1,0,0,0,0,0,0,0,0,0,0,0,1,1,1,0,1,1,1,0
2,21.012655,105.832504,4,3,1,90,1,1,0,0,0,0,0,0,0,0,0,0,0,0,1,1,0,0,1,1,0
2,21.018887,105.828172,4,3,1,90,1,1,0,0,0,0,0,0,0,0,0,0,0,0,1,0,0,1,1,1,0
2,21.01372,105.822428,4,3,1,90,1,1,0,0,0,0,0,0,0,0,0,0,0,0,1,1,0,1,1,1,0
1,21.043763,105.847684,4,4,1,90,1,1,0,0,0,0,0,0,0,0,0,0,0,0,1,1,0,1,1,1,0
1,21.04643,105.846718,4,4,1,90,1,1,0,0,0,0,0,0,0,0,0,0,0,0,1,0,0,1,1,1,0
1,21.04204,105.846708,4,4,1,90,1,1,0,0,0,0,0,0,0,0,0,0,0,0,1,1,0,1,1,1,0
1,21.043941,105.84566,4,4,1,90,1,1,0,0,0,0,0,0,0,0,0,0,0,1,1,0,0,1,1,1,0
1,21.042375,105.843313,4,4,1,90,1,1,0,0,0,0,0,0,0,0,0,0,0,0,1,1,1,1,1,1,0
1,21.032949,105.831262,4,4,1,90,1,1,0,0,0,0,0,0,0,0,0,0,0,0,1,1,1,1,1,1,0
2,21.019328,105.827545,4,4,1,90,1,1,0,0,0,0,0,0,0,0,0,0,0,1,1,1,1,1,1,1,0
1,21.028561,105.824168,4,4,1,90,1,1,0,0,0,0,0,0,0,0,0,0,0,0,1,1,1,1,1,1,0
2,21.012093,105.823862,4,4,1,90,1,1,0,0,0,0,0,0,0,0,0,0,0,0,1,1,1,1,1,1,0
1,21.030025,105.819793,4,4,1,90,1,1,0,0,0,0,0,0,0,0,1,0,0,0,1,1,1,1,1,1,0
2,21.009145,105.819557,4,4,1,90,1,1,0,0,0,0,0,0,0,0,0,0,0,0,1,0,0,1,1,1,0
1,21.019393,105.811301,4,4,1,90,1,1,0,0,0,0,0,0,0,0,0,0,0,0,1,1,1,1,1,1,0
2,21.016407,105.810458,4,4,1,90,1,1,0,0,0,0,0,0,0,0,0,0,0,0,1,1,1,1,1,1,0
2,21.016789,105.806935,4,4,1,90,1,1,0,0,0,0,0,0,0,0,0,0,0,0,1,1,1,1,1,1,0
2,21.024035,105.805339,4,4,1,90,1,1,0,0,0,0,0,0,0,0,0,0,0,0,1,1,1,1,1,1,0
2,21.005128,105.825841,5,4,1,90,1,1,0,0,0,0,0,0,0,0,0,0,0,0,0,0,0,0,0,0,0
2,21.02776,105.829299,5,1,1,100,1,1,0,0,0,0,0,0,0,0,0,0,0,0,1,0,0,0,1,0,0
1,21.035837,105.828169,4,2,1,100,1,1,0,0,0,0,0,0,0,0,0,0,0,0,1,1,1,1,1,1,0
2,21.023746,105.805301,5,2,1,100,1,1,0,1,1,1,1,0,0,1,1,1,0,1,1,0,0,1,1,1,0
2,21.023246,105.807274,5,3,1,100,1,1,0,0,0,0,0,0,0,0,0,0,0,1,1,0,0,0,1,1,0
2,21.018814,105.804679,5,4,1,100,1,1,0,0,0,0,0,0,0,0,0,0,0,0,0,0,0,0,0,0,0
